{
    "name": "mundofit",
    "version": "1.0.0",
    "main": "index.js",
    "scripts": {
      "start": "expo start",
      "android": "expo start --android",
      "ios": "expo start --ios",
      "web": "expo start --web"
    },
    "dependencies": {
      "@expo/vector-icons": "^14.0.4",
      "@react-navigation/bottom-tabs": "^7.3.3",
      "@react-navigation/native": "^7.0.17",
      "@react-navigation/stack": "^7.2.1",
      "axios": "^1.8.4",
      "expo": "~52.0.39",
      "expo-linear-gradient": "~14.0.2",
      "expo-status-bar": "~2.0.1",
      "react": "18.3.1",
      "react-native": "0.76.7",
      "react-native-gesture-handler": "^2.24.0",
      "react-native-linear-gradient": "^2.8.3",
      "react-native-reanimated": "~3.16.1",
      "react-native-safe-area-context": "^5.3.0",
      "react-native-screens": "^4.9.2",
      "react-native-vector-icons": "^10.2.0",
      "expo-network": "~7.0.5",
      "react-dom": "18.3.1",
      "react-native-web": "~0.19.13",
      "@expo/metro-runtime": "~4.0.1"
    },
    "devDependencies": {
      "@babel/core": "^7.20.0"
    },
    "private": true
  }
  